Sr No,Group No,Process Name,Tenant,Folder,MON,TUE,WED,THU,FRI,SAT,SUN,Execution Time From HH,Execution Time From MM,Execution Time From SS,Execution Time To HH,Execution Time To MM,Execution Time To SS,Execution Period HH,Execution Period MM,Execution Period SS,Ideal Time HH,Ideal Time MM,Ideal Time SS,Ideal Time,Execution Time From,Execution Time To
1,,RPA Process A001,Default,GSC,Y,Y,Y,Y,Y,,,17,0,0,17,4,0,0,3,1,,,,,,
2,,RPA Process A002,Default,GSC,Y,Y,Y,Y,Y,,,17,15,0,17,23,0,0,7,28,,,,,,
3,,RPA Process A003,Default,GSC,Y,,,,,,,12,5,0,12,7,0,0,1,34,,,,,,
4,,RPA Process A004,Default,GSC,Y,,,Y,,,,12,5,0,12,9,0,0,3,16,,,,,,
5,,RPA Process A005,Default,GSC,Y,,,Y,,,,12,5,0,12,9,0,0,3,37,,,,,,
6,,RPA Process A006,Default,GSC,Y,,,Y,,,,12,5,0,12,11,0,0,5,32,,,,,,
7,,RPA Process A007,Default,GSC,Y,,,Y,,,,18,5,0,18,7,0,0,1,17,,,,,,
8,,RPA Process A008,Default,GSC,Y,,,Y,,,,18,5,0,18,7,0,0,1,13,,,,,,
9,,RPA Process A009,Default,GSC,Y,,,Y,,,,18,5,0,18,7,0,0,1,19,,,,,,
10,,RPA Process A010,Default,GSC,Y,,,Y,,,,18,5,0,18,6,0,0,0,56,,,,,,
11,,RPA Process A011,Default,GSC,Y,,,Y,,,,12,35,0,12,36,0,0,0,43,,,,,,
12,,RPA Process A012,Default,GSC,Y,,,Y,,,,12,35,0,12,37,0,0,1,6,,,,,,
13,,RPA Process A013,Default,GSC,Y,,,Y,,,,12,35,0,12,36,0,0,0,45,,,,,,
14,,RPA Process A014,Default,GSC,Y,,,Y,,,,12,35,0,12,37,0,0,1,17,,,,,,
15,,RPA Process A015,Default,GSC,Y,,,Y,,,,12,35,0,12,36,0,0,0,53,,,,,,
16,,RPA Process A016,Default,GSC,Y,,,Y,,,,12,35,0,16,28,0,3,52,27,,,,,,
17,,RPA Process A017,Default,GSC,Y,,,Y,,,,12,35,0,12,36,0,0,0,37,,,,,,
18,,RPA Process A018,Default,GSC,Y,,,Y,,,,12,35,0,15,19,0,2,43,40,,,,,,
19,,RPA Process A019,Default,GSC,Y,,,Y,,,,12,35,0,16,36,0,4,0,43,,,,,,
20,,RPA Process A020,Default,GSC,Y,,,Y,,,,12,35,0,12,37,0,0,1,3,,,,,,
21,,RPA Process A021,Default,GSC,Y,,,Y,,,,18,35,0,18,37,0,0,1,11,,,,,,
22,,RPA Process A022,Default,GSC,Y,,,Y,,,,18,35,0,18,57,0,0,21,35,,,,,,
23,,RPA Process A023,Default,GSC,Y,,,Y,,,,18,35,0,18,36,0,0,0,57,,,,,,
24,,RPA Process A024,Default,GSC,Y,Y,Y,Y,Y,Y,Y,8,0,0,8,2,0,0,1,26,,,,,,
25,,RPA Process A025,Default,GSC,Y,Y,Y,Y,Y,,,18,0,0,18,3,0,0,2,22,,,,,,
26,,RPA Process A026,Default,GSC,Y,Y,Y,Y,Y,,,9,30,0,9,57,0,0,26,58,,,,,,
27,,RPA Process A027,Default,GSC,Y,Y,,,,,,13,30,0,13,54,0,0,23,56,,,,,,
28,,RPA Process A028,Default,GSC,Y,,Y,,,,,8,0,0,8,21,0,0,20,22,,,,,,
29,,RPA Process A029,Default,GSC,Y,,,,,,,10,0,0,10,2,0,0,1,0,,,,,,
30,,RPA Process A030,Default,GSC,Y,,,,,,Y,9,30,0,9,44,0,0,13,30,,,,,,
31,,RPA Process A031,Default,GSC,Y,,,,,,,10,0,0,10,14,0,0,13,22,,,,,,
32,,RPA Process A032,Default,GSC,Y,Y,Y,Y,Y,Y,Y,0,5,0,0,8,0,0,2,6,,,,,,
33,,RPA Process A032,Default,GSC,Y,Y,Y,Y,Y,Y,Y,2,5,0,2,8,0,0,2,6,,,,,,
34,,RPA Process A032,Default,GSC,Y,Y,Y,Y,Y,Y,Y,4,5,0,4,8,0,0,2,6,,,,,,
35,,RPA Process A032,Default,GSC,Y,Y,Y,Y,Y,Y,Y,6,5,0,6,8,0,0,2,6,,,,,,
36,,RPA Process A032,Default,GSC,Y,Y,Y,Y,Y,Y,Y,8,5,0,8,8,0,0,2,6,,,,,,
37,,RPA Process A032,Default,GSC,Y,Y,Y,Y,Y,Y,Y,10,5,0,10,8,0,0,2,6,,,,,,
38,,RPA Process A032,Default,GSC,Y,Y,Y,Y,Y,Y,Y,12,5,0,12,8,0,0,2,6,,,,,,
39,,RPA Process A032,Default,GSC,Y,Y,Y,Y,Y,Y,Y,14,5,0,14,8,0,0,2,6,,,,,,
40,,RPA Process A032,Default,GSC,Y,Y,Y,Y,Y,Y,Y,16,5,0,16,8,0,0,2,6,,,,,,
41,,RPA Process A032,Default,GSC,Y,Y,Y,Y,Y,Y,Y,18,5,0,18,8,0,0,2,6,,,,,,
42,,RPA Process A032,Default,GSC,Y,Y,Y,Y,Y,Y,Y,20,5,0,20,8,0,0,2,6,,,,,,
43,,RPA Process A032,Default,GSC,Y,Y,Y,Y,Y,Y,Y,22,5,0,22,8,0,0,2,6,,,,,,
44,,RPA Process A033,Default,GSC,Y,Y,Y,Y,Y,Y,Y,23,53,0,23,54,0,0,0,22,,,,,,
45,,RPA Process A034,Default,GSC,Y,Y,Y,Y,Y,Y,Y,23,53,0,23,54,0,0,0,16,,,,,,
46,,RPA Process A035,Default,GSC,Y,,,,,,,23,53,0,23,54,0,0,0,20,,,,,,
47,,RPA Process A036,Default,GSC,Y,Y,Y,Y,Y,,,2,0,0,2,3,0,0,2,50,,,,,,
48,,RPA Process A037,Default,GSC,Y,Y,Y,Y,Y,,,8,30,0,9,4,0,0,33,8,,,,,,
49,,RPA Process A038,Default,GSC,Y,,,,,,Y,12,0,0,12,6,0,0,5,55,,,,,,
50,,RPA Process A039,Default,GSC,Y,,,,,,Y,12,0,0,12,6,0,0,5,21,,,,,,
51,,RPA Process A040,Default,GSC,Y,Y,Y,Y,Y,,,8,15,0,8,45,0,0,29,31,,,,,,
52,,RPA Process A041,Default,GSC,Y,Y,Y,Y,Y,Y,Y,9,30,0,9,36,0,0,5,11,,,,,,
53,,RPA Process A041,Default,GSC,Y,Y,Y,Y,Y,Y,Y,11,30,0,11,36,0,0,5,11,,,,,,
54,,RPA Process A041,Default,GSC,Y,Y,Y,Y,Y,Y,Y,13,30,0,13,36,0,0,5,11,,,,,,
55,,RPA Process A041,Default,GSC,Y,Y,Y,Y,Y,Y,Y,14,30,0,14,36,0,0,5,11,,,,,,
56,,RPA Process A041,Default,GSC,Y,Y,Y,Y,Y,Y,Y,15,30,0,15,36,0,0,5,11,,,,,,
57,,RPA Process A042,Default,GSC,Y,,Y,,,,,10,0,0,10,20,0,0,19,13,,,,,,
58,,RPA Process A043,Default,GSC,Y,Y,Y,Y,Y,,,17,5,0,17,9,0,0,3,55,,,,,,
59,,RPA Process A044,Default,GSC,Y,Y,Y,Y,Y,Y,,13,10,0,13,46,0,0,35,4,,,,,,
60,,RPA Process A045,Default,GSC,Y,Y,Y,Y,Y,Y,,13,0,0,13,2,0,0,1,34,,,,,,
61,,RPA Process A046,Default,GSC,Y,Y,Y,Y,Y,,,9,5,0,9,13,0,0,7,0,,,,,,
62,,RPA Process A047,Default,GSC,Y,Y,Y,Y,Y,,,9,0,0,9,2,0,0,1,17,,,,,,
63,,RPA Process A048,Default,GSC,Y,Y,Y,Y,Y,,,14,0,0,14,3,0,0,2,49,,,,,,
64,,RPA Process A048,Default,GSC,Y,Y,Y,Y,Y,,,16,0,0,16,3,0,0,2,49,,,,,,
65,,RPA Process A049,Default,GSC,Y,,,Y,,,,10,15,0,10,18,0,0,2,17,,,,,,
66,,RPA Process A050,Default,GSC,Y,,,Y,,,,9,30,0,9,32,0,0,1,30,,,,,,
67,,RPA Process A051,Default,GSC,Y,,,,Y,,,19,15,0,19,56,0,0,40,47,,,,,,
68,,RPA Process A052,Default,GSC,Y,,,,Y,,,19,0,0,19,3,0,0,2,9,,,,,,
69,,RPA Process A053,Default,GSC,Y,,,Y,,,,19,15,0,23,59,59,6,33,20,,,,,,
70,,RPA Process A054,Default,GSC,Y,,,Y,,,,19,0,0,19,4,0,0,3,3,,,,,,
71,,RPA Process A055,Default,GSC,Y,Y,Y,Y,Y,,,11,0,0,11,1,0,0,0,35,,,,,,
72,,RPA Process A056,Default,GSC,Y,Y,Y,Y,Y,,,3,0,0,3,3,0,0,2,21,,,,,,
73,,RPA Process A057,Default,GSC,Y,Y,Y,Y,Y,Y,Y,7,45,0,7,47,0,0,1,47,,,,,,
74,,RPA Process A058,Default,GSC,Y,Y,Y,Y,Y,Y,Y,18,0,0,18,2,0,0,1,41,,,,,,
75,,RPA Process A059,Default,GSC,Y,Y,Y,Y,Y,Y,Y,7,48,0,8,14,0,0,25,20,,,,,,
76,,RPA Process A060,Default,GSC,Y,Y,Y,Y,Y,Y,Y,7,0,0,7,3,0,0,2,17,,,,,,
77,,RPA Process A060,Default,GSC,Y,Y,Y,Y,Y,Y,Y,10,0,0,10,3,0,0,2,17,,,,,,
78,,RPA Process A060,Default,GSC,Y,Y,Y,Y,Y,Y,Y,15,0,0,15,3,0,0,2,17,,,,,,
79,,RPA Process A061,Default,GSC,Y,Y,Y,Y,Y,,,16,30,0,16,33,0,0,2,19,,,,,,
80,,RPA Process A061,Default,GSC,Y,Y,Y,Y,Y,,,22,30,0,22,33,0,0,2,19,,,,,,
81,,RPA Process A062,Default,GSC,Y,Y,Y,Y,Y,,,3,30,0,4,20,0,0,49,38,,,,,,
82,,RPA Process A063,Default,GSC,Y,Y,Y,Y,Y,,,3,0,0,4,54,0,1,53,11,,,,,,
83,,RPA Process A064,Default,GSC,Y,Y,,Y,,,Y,6,0,0,6,4,0,0,3,57,,,,,,
84,,RPA Process A065,Default,GSC,Y,Y,,Y,,,Y,8,0,0,8,4,0,0,3,51,,,,,,
85,,RPA Process A066,Default,GSC,Y,,Y,Y,Y,,,7,0,0,7,5,0,0,4,41,,,,,,
86,,RPA Process A067,Default,GSC,Y,,Y,Y,Y,,,9,0,0,9,4,0,0,3,53,,,,,,
87,,RPA Process A068,Default,GSC,Y,Y,,Y,,,Y,7,0,0,7,6,0,0,5,10,,,,,,
88,,RPA Process A069,Default,GSC,Y,Y,,Y,,,Y,9,0,0,9,11,0,0,10,19,,,,,,
89,,RPA Process A070,Default,GSC,Y,Y,,Y,,,Y,5,0,0,5,7,0,0,6,31,,,,,,
90,,RPA Process A071,Default,GSC,Y,Y,,Y,,,,8,0,0,8,5,0,0,4,8,,,,,,
91,,RPA Process A072,Default,GSC,Y,Y,Y,Y,Y,,,8,0,0,8,4,0,0,3,8,,,,,,
92,,RPA Process A073,Default,GSC,Y,Y,Y,Y,Y,Y,Y,8,0,0,8,5,0,0,4,10,,,,,,
93,,RPA Process A073,Default,GSC,Y,Y,Y,Y,Y,Y,Y,14,0,0,14,5,0,0,4,10,,,,,,
94,,RPA Process A074,Default,GSC,Y,Y,Y,Y,Y,Y,Y,6,0,0,6,2,0,0,1,25,,,,,,
95,,RPA Process A075,Default,GSC,Y,Y,Y,Y,Y,Y,Y,17,0,0,17,4,0,0,3,50,,,,,,
96,,RPA Process A075,Default,GSC,Y,Y,Y,Y,Y,Y,Y,17,0,0,17,4,0,0,3,50,,,,,,
97,,RPA Process A075,Default,GSC,Y,Y,Y,Y,Y,Y,Y,21,0,0,21,4,0,0,3,50,,,,,,
98,,RPA Process A075,Default,GSC,Y,Y,Y,Y,Y,Y,Y,23,0,0,23,4,0,0,3,50,,,,,,
99,,RPA Process A076,Default,GSC,Y,Y,Y,Y,Y,Y,Y,3,0,0,3,1,0,0,0,42,,,,,,
100,,RPA Process A076,Default,GSC,Y,Y,Y,Y,Y,Y,Y,9,0,0,9,1,0,0,0,42,,,,,,
101,,RPA Process A077,Default,GSC,Y,Y,Y,Y,Y,,,10,0,0,10,1,0,0,0,24,,,,,,
102,,RPA Process A078,Default,GSC,Y,Y,Y,Y,Y,,,1,0,0,1,30,0,0,29,0,,,,,,
103,,RPA Process A079,Default,GSC,Y,,Y,Y,,,,5,14,0,8,39,0,3,24,56,,,,,,
104,,RPA Process A080,Default,GSC,Y,,,,,Y,Y,14,15,0,14,20,0,0,4,22,,,,,,
105,,RPA Process A081,Default,GSC,Y,Y,Y,Y,Y,Y,Y,4,15,0,4,23,0,0,7,54,,,,,,
106,,RPA Process A081,Default,GSC,Y,Y,Y,Y,Y,Y,Y,7,15,0,7,23,0,0,7,54,,,,,,
107,,RPA Process A081,Default,GSC,Y,Y,Y,Y,Y,Y,Y,9,15,0,9,23,0,0,7,54,,,,,,
108,,RPA Process A081,Default,GSC,Y,Y,Y,Y,Y,Y,Y,11,15,0,11,23,0,0,7,54,,,,,,
109,,RPA Process A081,Default,GSC,Y,Y,Y,Y,Y,Y,Y,13,15,0,13,23,0,0,7,54,,,,,,
110,,RPA Process A081,Default,GSC,Y,Y,Y,Y,Y,Y,Y,15,15,0,15,23,0,0,7,54,,,,,,
111,,RPA Process A081,Default,GSC,Y,Y,Y,Y,Y,Y,Y,17,15,0,17,23,0,0,7,54,,,,,,
112,,RPA Process A081,Default,GSC,Y,Y,Y,Y,Y,Y,Y,19,15,0,19,23,0,0,7,54,,,,,,
113,,RPA Process A082,Default,GSC,Y,,,,,Y,Y,14,0,0,14,2,0,0,1,48,,,,,,
114,,RPA Process A083,Default,GSC,Y,Y,Y,Y,Y,Y,Y,4,0,0,4,2,0,0,1,39,,,,,,
115,,RPA Process A083,Default,GSC,Y,Y,Y,Y,Y,Y,Y,7,0,0,7,2,0,0,1,39,,,,,,
116,,RPA Process A083,Default,GSC,Y,Y,Y,Y,Y,Y,Y,9,0,0,9,2,0,0,1,39,,,,,,
117,,RPA Process A083,Default,GSC,Y,Y,Y,Y,Y,Y,Y,11,0,0,11,2,0,0,1,39,,,,,,
118,,RPA Process A083,Default,GSC,Y,Y,Y,Y,Y,Y,Y,13,0,0,13,2,0,0,1,39,,,,,,
119,,RPA Process A083,Default,GSC,Y,Y,Y,Y,Y,Y,Y,15,0,0,15,2,0,0,1,39,,,,,,
120,,RPA Process A083,Default,GSC,Y,Y,Y,Y,Y,Y,Y,17,0,0,17,2,0,0,1,39,,,,,,
121,,RPA Process A083,Default,GSC,Y,Y,Y,Y,Y,Y,Y,19,0,0,19,2,0,0,1,39,,,,,,
122,,RPA Process A084,Default,GSC,Y,Y,Y,Y,Y,,,2,0,0,3,20,0,1,19,22,,,,,,
123,,RPA Process A085,Default,GSC,Y,Y,Y,Y,Y,Y,Y,21,55,0,22,4,0,0,8,29,,,,,,
124,,RPA Process A086,Default,GSC,Y,Y,Y,Y,Y,Y,Y,9,0,0,9,2,0,0,1,21,,,,,,
125,,RPA Process A086,Default,GSC,Y,Y,Y,Y,Y,Y,Y,11,0,0,11,2,0,0,1,21,,,,,,
126,,RPA Process A086,Default,GSC,Y,Y,Y,Y,Y,Y,Y,13,0,0,13,2,0,0,1,21,,,,,,
127,,RPA Process A086,Default,GSC,Y,Y,Y,Y,Y,Y,Y,15,0,0,15,2,0,0,1,21,,,,,,
128,,RPA Process A086,Default,GSC,Y,Y,Y,Y,Y,Y,Y,21,0,0,21,2,0,0,1,21,,,,,,
129,,RPA Process A086,Default,GSC,Y,Y,Y,Y,Y,Y,Y,23,0,0,23,2,0,0,1,21,,,,,,
130,,RPA Process A087,Default,GSC,Y,Y,Y,Y,Y,Y,Y,8,30,0,8,32,0,0,1,27,,,,,,
131,,RPA Process A087,Default,GSC,Y,Y,Y,Y,Y,Y,Y,10,30,0,10,32,0,0,1,27,,,,,,
132,,RPA Process A087,Default,GSC,Y,Y,Y,Y,Y,Y,Y,12,30,0,12,32,0,0,1,27,,,,,,
133,,RPA Process A087,Default,GSC,Y,Y,Y,Y,Y,Y,Y,14,30,0,14,32,0,0,1,27,,,,,,
134,,RPA Process A087,Default,GSC,Y,Y,Y,Y,Y,Y,Y,20,30,0,20,32,0,0,1,27,,,,,,
135,,RPA Process A087,Default,GSC,Y,Y,Y,Y,Y,Y,Y,22,30,0,22,32,0,0,1,27,,,,,,
136,,RPA Process A088,Default,GSC,Y,Y,Y,Y,Y,Y,Y,9,30,0,9,32,0,0,1,44,,,,,,
137,,RPA Process A088,Default,GSC,Y,Y,Y,Y,Y,Y,Y,11,30,0,11,32,0,0,1,44,,,,,,
138,,RPA Process A088,Default,GSC,Y,Y,Y,Y,Y,Y,Y,13,30,0,13,32,0,0,1,44,,,,,,
139,,RPA Process A088,Default,GSC,Y,Y,Y,Y,Y,Y,Y,15,30,0,15,32,0,0,1,44,,,,,,
140,,RPA Process A088,Default,GSC,Y,Y,Y,Y,Y,Y,Y,21,30,0,21,32,0,0,1,44,,,,,,
141,,RPA Process A088,Default,GSC,Y,Y,Y,Y,Y,Y,Y,23,30,0,23,32,0,0,1,44,,,,,,
142,,RPA Process A089,Default,GSC,Y,Y,Y,Y,Y,Y,Y,8,0,0,8,3,0,0,2,34,,,,,,
143,,RPA Process A089,Default,GSC,Y,Y,Y,Y,Y,Y,Y,10,0,0,10,3,0,0,2,34,,,,,,
144,,RPA Process A089,Default,GSC,Y,Y,Y,Y,Y,Y,Y,12,0,0,12,3,0,0,2,34,,,,,,
145,,RPA Process A089,Default,GSC,Y,Y,Y,Y,Y,Y,Y,14,0,0,14,3,0,0,2,34,,,,,,
146,,RPA Process A089,Default,GSC,Y,Y,Y,Y,Y,Y,Y,20,0,0,20,3,0,0,2,34,,,,,,
147,,RPA Process A089,Default,GSC,Y,Y,Y,Y,Y,Y,Y,22,0,0,22,3,0,0,2,34,,,,,,
148,,RPA Process A090,Default,GSC,Y,Y,Y,Y,Y,Y,Y,6,0,0,6,1,0,0,0,47,,,,,,
149,,RPA Process A090,Default,GSC,Y,Y,Y,Y,Y,Y,Y,7,0,0,7,1,0,0,0,47,,,,,,
150,,RPA Process A090,Default,GSC,Y,Y,Y,Y,Y,Y,Y,8,0,0,8,1,0,0,0,47,,,,,,
151,,RPA Process A090,Default,GSC,Y,Y,Y,Y,Y,Y,Y,21,0,0,21,1,0,0,0,47,,,,,,
152,,RPA Process A090,Default,GSC,Y,Y,Y,Y,Y,Y,Y,22,0,0,22,1,0,0,0,47,,,,,,
153,,RPA Process A090,Default,GSC,Y,Y,Y,Y,Y,Y,Y,23,0,0,23,1,0,0,0,47,,,,,,
154,,RPA Process A090,Default,GSC,Y,Y,Y,Y,Y,Y,Y,1,0,0,1,1,0,0,0,47,,,,,,
155,,RPA Process A091,Default,GSC,Y,Y,Y,Y,Y,Y,Y,8,0,0,8,3,0,0,2,8,,,,,,
156,,RPA Process A091,Default,GSC,Y,Y,Y,Y,Y,Y,Y,9,0,0,9,3,0,0,2,8,,,,,,
157,,RPA Process A091,Default,GSC,Y,Y,Y,Y,Y,Y,Y,10,0,0,10,3,0,0,2,8,,,,,,
158,,RPA Process A091,Default,GSC,Y,Y,Y,Y,Y,Y,Y,11,0,0,11,3,0,0,2,8,,,,,,
159,,RPA Process A091,Default,GSC,Y,Y,Y,Y,Y,Y,Y,12,0,0,12,3,0,0,2,8,,,,,,
160,,RPA Process A091,Default,GSC,Y,Y,Y,Y,Y,Y,Y,13,0,0,13,3,0,0,2,8,,,,,,
161,,RPA Process A091,Default,GSC,Y,Y,Y,Y,Y,Y,Y,23,0,0,23,3,0,0,2,8,,,,,,
162,,RPA Process A091,Default,GSC,Y,Y,Y,Y,Y,Y,Y,1,0,0,1,3,0,0,2,8,,,,,,
163,,RPA Process A092,Default,GSC,Y,Y,Y,Y,Y,,,11,0,0,11,2,0,0,1,3,,,,,,
164,,RPA Process A093,Default,GSC,Y,Y,Y,Y,Y,,,20,15,0,20,17,0,0,1,3,,,,,,
165,,RPA Process A094,Default,GSC,Y,,,Y,,,,8,0,0,8,3,0,0,2,44,,,,,,
166,,RPA Process A095,Default,GSC,Y,,,Y,,,,12,0,0,12,3,0,0,2,6,,,,,,
167,,RPA Process A096,Default,GSC,Y,,,Y,,,,9,0,0,9,3,0,0,2,33,,,,,,
168,,RPA Process A097,Default,GSC,Y,Y,Y,Y,Y,,,20,0,0,20,39,0,0,38,20,,,,,,
169,,RPA Process A098,Default,GSC,Y,Y,Y,Y,Y,,,14,0,0,14,28,0,0,27,41,,,,,,
170,,RPA Process A099,Default,GSC,Y,Y,,Y,,,,7,0,0,8,20,0,1,19,28,,,,,,
171,,RPA Process A100,Default,GSC,Y,,Y,Y,,,,15,50,0,18,59,0,3,8,33,,,,,,
172,,RPA Process A101,Default,GSC,Y,Y,Y,Y,Y,,,7,0,0,7,53,0,0,52,15,,,,,,
173,,RPA Process A102,Default,GSC,Y,Y,Y,Y,Y,Y,Y,3,30,0,3,36,0,0,5,1,,,,,,
174,,RPA Process A103,Default,GSC,Y,,,,,,Y,6,30,0,6,32,0,0,1,31,,,,,,
175,,RPA Process A104,Default,GSC,Y,,,,,,Y,6,30,0,6,32,0,0,1,26,,,,,,
176,,RPA Process A105,Default,GSC,Y,Y,Y,Y,Y,Y,,0,0,0,0,2,0,0,1,34,,,,,,
177,,RPA Process A106,Default,GSC,Y,Y,Y,Y,Y,,,12,0,0,12,2,0,0,1,45,,,,,,
178,,RPA Process A107,Default,GSC,Y,Y,Y,Y,Y,,,8,0,0,8,8,0,0,7,27,,,,,,
179,,RPA Process A108,Default,GSC,Y,Y,Y,Y,Y,,,10,30,0,10,33,0,0,2,7,,,,,,
180,,RPA Process A109,Default,GSC,Y,Y,Y,Y,,,,14,0,0,14,45,0,0,44,1,,,,,,
181,,RPA Process A110,Default,GSC,Y,,,Y,,,,14,0,0,14,31,0,0,30,32,,,,,,
182,,RPA Process A111,Default,GSC,Y,,,,Y,,,14,0,0,14,22,0,0,21,51,,,,,,
183,,RPA Process A112,Default,GSC,Y,Y,Y,Y,,,,13,45,0,13,48,0,0,2,1,,,,,,
184,,RPA Process A113,Default,GSC,Y,,,Y,,,,13,45,0,13,48,0,0,2,32,,,,,,
185,,RPA Process A114,Default,GSC,Y,,,,Y,,,13,45,0,13,47,0,0,1,56,,,,,,
186,,RPA Process A115,Default,GSC,Y,Y,,,,,,10,0,0,10,3,0,0,2,18,,,,,,
187,,RPA Process A116,Default,GSC,Y,Y,,,,,,11,0,0,11,27,0,0,26,56,,,,,,
188,,RPA Process A117,Default,GSC,Y,Y,Y,Y,Y,Y,Y,17,0,0,17,41,0,0,40,32,,,,,,
189,,RPA Process A118,Default,GSC,Y,Y,Y,Y,Y,Y,Y,15,0,0,15,49,0,0,48,3,,,,,,
190,,RPA Process A119,Default,GSC,Y,Y,Y,Y,Y,Y,Y,5,0,0,5,4,0,0,3,17,,,,,,
191,,RPA Process A120,Default,GSC,Y,Y,Y,Y,Y,,,9,0,0,9,5,0,0,4,8,,,,,,
192,,RPA Process A121,Default,GSC,Y,Y,Y,Y,Y,,,9,0,0,11,23,0,2,22,30,,,,,,
193,,RPA Process A122,Default,GSC,Y,Y,Y,Y,Y,Y,Y,10,15,0,10,33,0,0,17,33,,,,,,
194,,RPA Process A123,Default,GSC,Y,Y,Y,Y,Y,,Y,8,0,0,8,4,0,0,3,35,,,,,,
195,,RPA Process A124,Default,GSC,Y,Y,Y,Y,Y,Y,Y,0,1,0,0,3,0,0,1,47,,,,,,
196,,RPA Process A124,Default,GSC,Y,Y,Y,Y,Y,Y,Y,4,1,0,4,3,0,0,1,47,,,,,,
197,,RPA Process A124,Default,GSC,Y,Y,Y,Y,Y,Y,Y,8,1,0,8,3,0,0,1,47,,,,,,
198,,RPA Process A124,Default,GSC,Y,Y,Y,Y,Y,Y,Y,12,1,0,12,3,0,0,1,47,,,,,,
199,,RPA Process A124,Default,GSC,Y,Y,Y,Y,Y,Y,Y,16,1,0,16,3,0,0,1,47,,,,,,
200,,RPA Process A124,Default,GSC,Y,Y,Y,Y,Y,Y,Y,20,1,0,20,3,0,0,1,47,,,,,,
201,,RPA Process A125,Default,GSC,Y,Y,Y,Y,Y,Y,Y,0,17,0,0,19,0,0,1,35,,,,,,
202,,RPA Process A125,Default,GSC,Y,Y,Y,Y,Y,Y,Y,4,17,0,4,19,0,0,1,35,,,,,,
203,,RPA Process A125,Default,GSC,Y,Y,Y,Y,Y,Y,Y,8,17,0,8,19,0,0,1,35,,,,,,
204,,RPA Process A125,Default,GSC,Y,Y,Y,Y,Y,Y,Y,12,17,0,12,19,0,0,1,35,,,,,,
205,,RPA Process A125,Default,GSC,Y,Y,Y,Y,Y,Y,Y,16,17,0,16,19,0,0,1,35,,,,,,
206,,RPA Process A125,Default,GSC,Y,Y,Y,Y,Y,Y,Y,20,17,0,20,19,0,0,1,35,,,,,,
207,,RPA Process A126,Default,GSC,Y,Y,Y,Y,Y,Y,Y,0,18,0,0,20,0,0,1,33,,,,,,
208,,RPA Process A126,Default,GSC,Y,Y,Y,Y,Y,Y,Y,4,18,0,4,20,0,0,1,33,,,,,,
209,,RPA Process A126,Default,GSC,Y,Y,Y,Y,Y,Y,Y,8,18,0,8,20,0,0,1,33,,,,,,
210,,RPA Process A126,Default,GSC,Y,Y,Y,Y,Y,Y,Y,12,18,0,12,20,0,0,1,33,,,,,,
211,,RPA Process A126,Default,GSC,Y,Y,Y,Y,Y,Y,Y,16,18,0,16,20,0,0,1,33,,,,,,
212,,RPA Process A126,Default,GSC,Y,Y,Y,Y,Y,Y,Y,20,18,0,20,20,0,0,1,33,,,,,,
213,,RPA Process A127,Default,GSC,Y,Y,Y,Y,Y,Y,Y,0,19,0,0,21,0,0,1,33,,,,,,
214,,RPA Process A127,Default,GSC,Y,Y,Y,Y,Y,Y,Y,4,19,0,4,21,0,0,1,33,,,,,,
215,,RPA Process A127,Default,GSC,Y,Y,Y,Y,Y,Y,Y,8,19,0,8,21,0,0,1,33,,,,,,
216,,RPA Process A127,Default,GSC,Y,Y,Y,Y,Y,Y,Y,12,19,0,12,21,0,0,1,33,,,,,,
217,,RPA Process A127,Default,GSC,Y,Y,Y,Y,Y,Y,Y,16,19,0,16,21,0,0,1,33,,,,,,
218,,RPA Process A127,Default,GSC,Y,Y,Y,Y,Y,Y,Y,20,19,0,20,21,0,0,1,33,,,,,,
219,,RPA Process A128,Default,GSC,Y,Y,Y,Y,Y,Y,Y,21,10,0,21,20,0,0,9,37,,,,,,
220,,RPA Process A129,Default,GSC,Y,Y,Y,Y,Y,Y,Y,21,0,0,21,1,0,0,0,37,,,,,,
221,,RPA Process A130,Default,GSC,Y,Y,Y,Y,Y,Y,Y,13,40,0,13,50,0,0,9,19,,,,,,
222,,RPA Process A131,Default,GSC,Y,Y,Y,Y,Y,Y,Y,13,30,0,13,31,0,0,0,38,,,,,,
223,,RPA Process A132,Default,GSC,Y,Y,Y,Y,Y,Y,Y,5,40,0,5,51,0,0,10,48,,,,,,
224,,RPA Process A133,Default,GSC,Y,Y,Y,Y,Y,Y,Y,5,30,0,5,31,0,0,0,38,,,,,,
225,,RPA Process A134,Default,GSC,Y,Y,Y,Y,Y,Y,Y,5,30,0,5,32,0,0,1,15,,,,,,
226,,RPA Process A134,Default,GSC,Y,Y,Y,Y,Y,Y,Y,21,30,0,21,32,0,0,1,15,,,,,,
227,,RPA Process A135,Default,GSC,Y,Y,Y,Y,Y,Y,Y,5,40,0,7,12,0,1,31,16,,,,,,
228,,RPA Process A136,Default,GSC,Y,Y,Y,Y,Y,Y,Y,5,30,0,5,31,0,0,0,55,,,,,,
229,,RPA Process A136,Default,GSC,Y,Y,Y,Y,Y,Y,Y,13,30,0,13,31,0,0,0,55,,,,,,
230,,RPA Process A137,Default,GSC,Y,Y,Y,Y,Y,,,8,10,0,8,13,0,0,2,18,,,,,,
231,,RPA Process A138,Default,GSC,Y,Y,Y,Y,Y,,,12,1,0,12,6,0,0,4,48,,,,,,
232,,RPA Process A138,Default,GSC,Y,Y,Y,Y,Y,,,16,1,0,16,6,0,0,4,48,,,,,,
233,,RPA Process A139,Default,GSC,Y,Y,Y,Y,Y,,,23,58,0,23,59,59,0,2,25,,,,,,
234,,RPA Process A140,Default,GSC,Y,Y,,,,,,7,58,0,8,3,0,0,4,5,,,,,,
235,,RPA Process A141,Default,GSC,Y,Y,Y,Y,Y,,,17,0,0,17,6,0,0,5,31,,,,,,
236,,RPA Process A142,Default,GSC,Y,Y,Y,Y,Y,Y,,9,0,0,9,6,0,0,5,52,,,,,,
237,,RPA Process A143,Default,GSC,Y,,,,Y,,,11,0,0,11,6,0,0,5,14,,,,,,
238,,RPA Process A144,Default,GSC,Y,Y,Y,Y,Y,Y,Y,0,0,0,0,2,0,0,1,49,,,,,,
239,,RPA Process A144,Default,GSC,Y,Y,Y,Y,Y,Y,Y,4,0,0,4,2,0,0,1,49,,,,,,
240,,RPA Process A144,Default,GSC,Y,Y,Y,Y,Y,Y,Y,8,0,0,8,2,0,0,1,49,,,,,,
241,,RPA Process A144,Default,GSC,Y,Y,Y,Y,Y,Y,Y,12,0,0,12,2,0,0,1,49,,,,,,
242,,RPA Process A144,Default,GSC,Y,Y,Y,Y,Y,Y,Y,16,0,0,16,2,0,0,1,49,,,,,,
243,,RPA Process A144,Default,GSC,Y,Y,Y,Y,Y,Y,Y,20,0,0,20,2,0,0,1,49,,,,,,
244,,RPA Process A145,Default,GSC,Y,Y,Y,Y,Y,Y,Y,0,0,0,0,13,0,0,12,25,,,,,,
245,,RPA Process A145,Default,GSC,Y,Y,Y,Y,Y,Y,Y,2,0,0,2,13,0,0,12,25,,,,,,
246,,RPA Process A145,Default,GSC,Y,Y,Y,Y,Y,Y,Y,4,0,0,4,13,0,0,12,25,,,,,,
247,,RPA Process A145,Default,GSC,Y,Y,Y,Y,Y,Y,Y,6,0,0,6,13,0,0,12,25,,,,,,
248,,RPA Process A145,Default,GSC,Y,Y,Y,Y,Y,Y,Y,8,0,0,8,13,0,0,12,25,,,,,,
249,,RPA Process A145,Default,GSC,Y,Y,Y,Y,Y,Y,Y,10,0,0,10,13,0,0,12,25,,,,,,
250,,RPA Process A145,Default,GSC,Y,Y,Y,Y,Y,Y,Y,12,0,0,12,13,0,0,12,25,,,,,,
251,,RPA Process A145,Default,GSC,Y,Y,Y,Y,Y,Y,Y,14,0,0,14,13,0,0,12,25,,,,,,
252,,RPA Process A145,Default,GSC,Y,Y,Y,Y,Y,Y,Y,16,0,0,16,13,0,0,12,25,,,,,,
253,,RPA Process A145,Default,GSC,Y,Y,Y,Y,Y,Y,Y,18,0,0,18,13,0,0,12,25,,,,,,
254,,RPA Process A145,Default,GSC,Y,Y,Y,Y,Y,Y,Y,20,0,0,20,13,0,0,12,25,,,,,,
255,,RPA Process A145,Default,GSC,Y,Y,Y,Y,Y,Y,Y,22,0,0,22,13,0,0,12,25,,,,,,
256,,RPA Process A146,Default,GSC,Y,Y,Y,Y,Y,Y,Y,0,0,0,0,40,0,0,39,39,,,,,,
257,,RPA Process A146,Default,GSC,Y,Y,Y,Y,Y,Y,Y,0,30,0,1,10,0,0,39,39,,,,,,
258,,RPA Process A146,Default,GSC,Y,Y,Y,Y,Y,Y,Y,1,0,0,1,40,0,0,39,39,,,,,,
259,,RPA Process A146,Default,GSC,Y,Y,Y,Y,Y,Y,Y,1,30,0,2,10,0,0,39,39,,,,,,
260,,RPA Process A146,Default,GSC,Y,Y,Y,Y,Y,Y,Y,2,0,0,2,40,0,0,39,39,,,,,,
261,,RPA Process A146,Default,GSC,Y,Y,Y,Y,Y,Y,Y,2,30,0,3,10,0,0,39,39,,,,,,
262,,RPA Process A146,Default,GSC,Y,Y,Y,Y,Y,Y,Y,3,0,0,3,40,0,0,39,39,,,,,,
263,,RPA Process A146,Default,GSC,Y,Y,Y,Y,Y,Y,Y,3,30,0,4,10,0,0,39,39,,,,,,
264,,RPA Process A146,Default,GSC,Y,Y,Y,Y,Y,Y,Y,4,0,0,4,40,0,0,39,39,,,,,,
265,,RPA Process A146,Default,GSC,Y,Y,Y,Y,Y,Y,Y,4,30,0,5,10,0,0,39,39,,,,,,
266,,RPA Process A146,Default,GSC,Y,Y,Y,Y,Y,Y,Y,5,0,0,5,40,0,0,39,39,,,,,,
267,,RPA Process A146,Default,GSC,Y,Y,Y,Y,Y,Y,Y,5,30,0,6,10,0,0,39,39,,,,,,
268,,RPA Process A146,Default,GSC,Y,Y,Y,Y,Y,Y,Y,6,0,0,6,40,0,0,39,39,,,,,,
269,,RPA Process A146,Default,GSC,Y,Y,Y,Y,Y,Y,Y,6,30,0,7,10,0,0,39,39,,,,,,
270,,RPA Process A146,Default,GSC,Y,Y,Y,Y,Y,Y,Y,7,0,0,7,40,0,0,39,39,,,,,,
271,,RPA Process A146,Default,GSC,Y,Y,Y,Y,Y,Y,Y,7,30,0,8,10,0,0,39,39,,,,,,
272,,RPA Process A146,Default,GSC,Y,Y,Y,Y,Y,Y,Y,8,0,0,8,40,0,0,39,39,,,,,,
273,,RPA Process A146,Default,GSC,Y,Y,Y,Y,Y,Y,Y,8,30,0,9,10,0,0,39,39,,,,,,
274,,RPA Process A146,Default,GSC,Y,Y,Y,Y,Y,Y,Y,9,0,0,9,40,0,0,39,39,,,,,,
275,,RPA Process A146,Default,GSC,Y,Y,Y,Y,Y,Y,Y,9,30,0,10,10,0,0,39,39,,,,,,
276,,RPA Process A146,Default,GSC,Y,Y,Y,Y,Y,Y,Y,10,0,0,10,40,0,0,39,39,,,,,,
277,,RPA Process A146,Default,GSC,Y,Y,Y,Y,Y,Y,Y,10,30,0,11,10,0,0,39,39,,,,,,
278,,RPA Process A146,Default,GSC,Y,Y,Y,Y,Y,Y,Y,11,0,0,11,40,0,0,39,39,,,,,,
279,,RPA Process A146,Default,GSC,Y,Y,Y,Y,Y,Y,Y,11,30,0,12,10,0,0,39,39,,,,,,
280,,RPA Process A146,Default,GSC,Y,Y,Y,Y,Y,Y,Y,12,0,0,12,40,0,0,39,39,,,,,,
281,,RPA Process A146,Default,GSC,Y,Y,Y,Y,Y,Y,Y,12,30,0,13,10,0,0,39,39,,,,,,
282,,RPA Process A146,Default,GSC,Y,Y,Y,Y,Y,Y,Y,13,0,0,13,40,0,0,39,39,,,,,,
283,,RPA Process A146,Default,GSC,Y,Y,Y,Y,Y,Y,Y,13,30,0,14,10,0,0,39,39,,,,,,
284,,RPA Process A146,Default,GSC,Y,Y,Y,Y,Y,Y,Y,14,0,0,14,40,0,0,39,39,,,,,,
285,,RPA Process A146,Default,GSC,Y,Y,Y,Y,Y,Y,Y,14,30,0,15,10,0,0,39,39,,,,,,
286,,RPA Process A146,Default,GSC,Y,Y,Y,Y,Y,Y,Y,15,0,0,15,40,0,0,39,39,,,,,,
287,,RPA Process A146,Default,GSC,Y,Y,Y,Y,Y,Y,Y,15,30,0,16,10,0,0,39,39,,,,,,
288,,RPA Process A146,Default,GSC,Y,Y,Y,Y,Y,Y,Y,16,0,0,16,40,0,0,39,39,,,,,,
289,,RPA Process A146,Default,GSC,Y,Y,Y,Y,Y,Y,Y,16,30,0,17,10,0,0,39,39,,,,,,
290,,RPA Process A146,Default,GSC,Y,Y,Y,Y,Y,Y,Y,17,0,0,17,40,0,0,39,39,,,,,,
291,,RPA Process A146,Default,GSC,Y,Y,Y,Y,Y,Y,Y,17,30,0,18,10,0,0,39,39,,,,,,
292,,RPA Process A146,Default,GSC,Y,Y,Y,Y,Y,Y,Y,18,0,0,18,40,0,0,39,39,,,,,,
293,,RPA Process A146,Default,GSC,Y,Y,Y,Y,Y,Y,Y,18,30,0,19,10,0,0,39,39,,,,,,
294,,RPA Process A146,Default,GSC,Y,Y,Y,Y,Y,Y,Y,19,0,0,19,40,0,0,39,39,,,,,,
295,,RPA Process A146,Default,GSC,Y,Y,Y,Y,Y,Y,Y,19,30,0,20,10,0,0,39,39,,,,,,
296,,RPA Process A146,Default,GSC,Y,Y,Y,Y,Y,Y,Y,20,0,0,20,40,0,0,39,39,,,,,,
297,,RPA Process A146,Default,GSC,Y,Y,Y,Y,Y,Y,Y,20,30,0,21,10,0,0,39,39,,,,,,
298,,RPA Process A146,Default,GSC,Y,Y,Y,Y,Y,Y,Y,21,0,0,21,40,0,0,39,39,,,,,,
299,,RPA Process A146,Default,GSC,Y,Y,Y,Y,Y,Y,Y,21,30,0,22,10,0,0,39,39,,,,,,
300,,RPA Process A146,Default,GSC,Y,Y,Y,Y,Y,Y,Y,22,0,0,22,40,0,0,39,39,,,,,,
301,,RPA Process A146,Default,GSC,Y,Y,Y,Y,Y,Y,Y,22,30,0,23,10,0,0,39,39,,,,,,
302,,RPA Process A146,Default,GSC,Y,Y,Y,Y,Y,Y,Y,23,0,0,23,40,0,0,39,39,,,,,,
303,,RPA Process A146,Default,GSC,Y,Y,Y,Y,Y,Y,Y,23,30,0,23,59,59,0,39,39,,,,,,
304,,RPA Process A147,Default,GSC,Y,Y,Y,Y,Y,Y,Y,0,0,0,0,25,0,0,24,52,,,,,,
305,,RPA Process A147,Default,GSC,Y,Y,Y,Y,Y,Y,Y,0,30,0,0,55,0,0,24,52,,,,,,
306,,RPA Process A147,Default,GSC,Y,Y,Y,Y,Y,Y,Y,1,0,0,1,25,0,0,24,52,,,,,,
307,,RPA Process A147,Default,GSC,Y,Y,Y,Y,Y,Y,Y,1,30,0,1,55,0,0,24,52,,,,,,
308,,RPA Process A147,Default,GSC,Y,Y,Y,Y,Y,Y,Y,2,0,0,2,25,0,0,24,52,,,,,,
309,,RPA Process A147,Default,GSC,Y,Y,Y,Y,Y,Y,Y,2,30,0,2,55,0,0,24,52,,,,,,
310,,RPA Process A147,Default,GSC,Y,Y,Y,Y,Y,Y,Y,3,0,0,3,25,0,0,24,52,,,,,,
311,,RPA Process A147,Default,GSC,Y,Y,Y,Y,Y,Y,Y,3,30,0,3,55,0,0,24,52,,,,,,
312,,RPA Process A147,Default,GSC,Y,Y,Y,Y,Y,Y,Y,4,0,0,4,25,0,0,24,52,,,,,,
313,,RPA Process A147,Default,GSC,Y,Y,Y,Y,Y,Y,Y,4,30,0,4,55,0,0,24,52,,,,,,
314,,RPA Process A147,Default,GSC,Y,Y,Y,Y,Y,Y,Y,5,0,0,5,25,0,0,24,52,,,,,,
315,,RPA Process A147,Default,GSC,Y,Y,Y,Y,Y,Y,Y,5,30,0,5,55,0,0,24,52,,,,,,
316,,RPA Process A147,Default,GSC,Y,Y,Y,Y,Y,Y,Y,6,0,0,6,25,0,0,24,52,,,,,,
317,,RPA Process A147,Default,GSC,Y,Y,Y,Y,Y,Y,Y,6,30,0,6,55,0,0,24,52,,,,,,
318,,RPA Process A147,Default,GSC,Y,Y,Y,Y,Y,Y,Y,7,0,0,7,25,0,0,24,52,,,,,,
319,,RPA Process A147,Default,GSC,Y,Y,Y,Y,Y,Y,Y,7,30,0,7,55,0,0,24,52,,,,,,
320,,RPA Process A147,Default,GSC,Y,Y,Y,Y,Y,Y,Y,8,0,0,8,25,0,0,24,52,,,,,,
321,,RPA Process A147,Default,GSC,Y,Y,Y,Y,Y,Y,Y,8,30,0,8,55,0,0,24,52,,,,,,
322,,RPA Process A147,Default,GSC,Y,Y,Y,Y,Y,Y,Y,9,0,0,9,25,0,0,24,52,,,,,,
323,,RPA Process A147,Default,GSC,Y,Y,Y,Y,Y,Y,Y,9,30,0,9,55,0,0,24,52,,,,,,
324,,RPA Process A147,Default,GSC,Y,Y,Y,Y,Y,Y,Y,10,0,0,10,25,0,0,24,52,,,,,,
325,,RPA Process A147,Default,GSC,Y,Y,Y,Y,Y,Y,Y,10,30,0,10,55,0,0,24,52,,,,,,
326,,RPA Process A147,Default,GSC,Y,Y,Y,Y,Y,Y,Y,11,0,0,11,25,0,0,24,52,,,,,,
327,,RPA Process A147,Default,GSC,Y,Y,Y,Y,Y,Y,Y,11,30,0,11,55,0,0,24,52,,,,,,
328,,RPA Process A147,Default,GSC,Y,Y,Y,Y,Y,Y,Y,12,0,0,12,25,0,0,24,52,,,,,,
329,,RPA Process A147,Default,GSC,Y,Y,Y,Y,Y,Y,Y,12,30,0,12,55,0,0,24,52,,,,,,
330,,RPA Process A147,Default,GSC,Y,Y,Y,Y,Y,Y,Y,13,0,0,13,25,0,0,24,52,,,,,,
331,,RPA Process A147,Default,GSC,Y,Y,Y,Y,Y,Y,Y,13,30,0,13,55,0,0,24,52,,,,,,
332,,RPA Process A147,Default,GSC,Y,Y,Y,Y,Y,Y,Y,14,0,0,14,25,0,0,24,52,,,,,,
333,,RPA Process A147,Default,GSC,Y,Y,Y,Y,Y,Y,Y,14,30,0,14,55,0,0,24,52,,,,,,
334,,RPA Process A147,Default,GSC,Y,Y,Y,Y,Y,Y,Y,15,0,0,15,25,0,0,24,52,,,,,,
335,,RPA Process A147,Default,GSC,Y,Y,Y,Y,Y,Y,Y,15,30,0,15,55,0,0,24,52,,,,,,
336,,RPA Process A147,Default,GSC,Y,Y,Y,Y,Y,Y,Y,16,0,0,16,25,0,0,24,52,,,,,,
337,,RPA Process A147,Default,GSC,Y,Y,Y,Y,Y,Y,Y,16,30,0,16,55,0,0,24,52,,,,,,
338,,RPA Process A147,Default,GSC,Y,Y,Y,Y,Y,Y,Y,17,0,0,17,25,0,0,24,52,,,,,,
339,,RPA Process A147,Default,GSC,Y,Y,Y,Y,Y,Y,Y,17,30,0,17,55,0,0,24,52,,,,,,
340,,RPA Process A147,Default,GSC,Y,Y,Y,Y,Y,Y,Y,18,0,0,18,25,0,0,24,52,,,,,,
341,,RPA Process A147,Default,GSC,Y,Y,Y,Y,Y,Y,Y,18,30,0,18,55,0,0,24,52,,,,,,
342,,RPA Process A147,Default,GSC,Y,Y,Y,Y,Y,Y,Y,19,0,0,19,25,0,0,24,52,,,,,,
343,,RPA Process A147,Default,GSC,Y,Y,Y,Y,Y,Y,Y,19,30,0,19,55,0,0,24,52,,,,,,
344,,RPA Process A147,Default,GSC,Y,Y,Y,Y,Y,Y,Y,20,0,0,20,25,0,0,24,52,,,,,,
345,,RPA Process A147,Default,GSC,Y,Y,Y,Y,Y,Y,Y,20,30,0,20,55,0,0,24,52,,,,,,
346,,RPA Process A147,Default,GSC,Y,Y,Y,Y,Y,Y,Y,21,0,0,21,25,0,0,24,52,,,,,,
347,,RPA Process A147,Default,GSC,Y,Y,Y,Y,Y,Y,Y,21,30,0,21,55,0,0,24,52,,,,,,
348,,RPA Process A147,Default,GSC,Y,Y,Y,Y,Y,Y,Y,22,0,0,22,25,0,0,24,52,,,,,,
349,,RPA Process A147,Default,GSC,Y,Y,Y,Y,Y,Y,Y,22,30,0,22,55,0,0,24,52,,,,,,
350,,RPA Process A147,Default,GSC,Y,Y,Y,Y,Y,Y,Y,23,0,0,23,25,0,0,24,52,,,,,,
351,,RPA Process A147,Default,GSC,Y,Y,Y,Y,Y,Y,Y,23,30,0,23,55,0,0,24,52,,,,,,
352,,RPA Process A148,Default,GSC,Y,Y,Y,Y,Y,Y,,0,0,0,0,12,0,0,11,20,,,,,,
353,,RPA Process A148,Default,GSC,Y,Y,Y,Y,Y,Y,,3,0,0,3,12,0,0,11,20,,,,,,
354,,RPA Process A148,Default,GSC,Y,Y,Y,Y,Y,Y,,6,0,0,6,12,0,0,11,20,,,,,,
355,,RPA Process A148,Default,GSC,Y,Y,Y,Y,Y,Y,,9,0,0,9,12,0,0,11,20,,,,,,
356,,RPA Process A148,Default,GSC,Y,Y,Y,Y,Y,Y,,12,0,0,12,12,0,0,11,20,,,,,,
357,,RPA Process A148,Default,GSC,Y,Y,Y,Y,Y,Y,,15,0,0,15,12,0,0,11,20,,,,,,
358,,RPA Process A148,Default,GSC,Y,Y,Y,Y,Y,Y,,18,0,0,18,12,0,0,11,20,,,,,,
359,,RPA Process A148,Default,GSC,Y,Y,Y,Y,Y,Y,,21,0,0,21,12,0,0,11,20,,,,,,
360,,RPA Process A149,Default,GSC,Y,Y,Y,Y,Y,,,3,5,0,3,38,0,0,32,8,,,,,,
361,,RPA Process A150,Default,GSC,Y,Y,Y,Y,Y,,,0,5,0,0,57,0,0,51,47,,,,,,
362,,RPA Process A151,Default,GSC,Y,Y,Y,Y,Y,,,8,0,0,8,50,0,0,49,14,,,,,,
363,,RPA Process A152,Default,GSC,Y,Y,Y,Y,Y,,,8,0,0,8,7,0,0,6,9,,,,,,
364,,RPA Process A152,Default,GSC,Y,Y,Y,Y,Y,,,10,0,0,10,7,0,0,6,9,,,,,,
365,,RPA Process A152,Default,GSC,Y,Y,Y,Y,Y,,,12,0,0,12,7,0,0,6,9,,,,,,
366,,RPA Process A152,Default,GSC,Y,Y,Y,Y,Y,,,14,0,0,14,7,0,0,6,9,,,,,,
367,,RPA Process A152,Default,GSC,Y,Y,Y,Y,Y,,,16,0,0,16,7,0,0,6,9,,,,,,
368,,RPA Process A153,Default,GSC,Y,Y,Y,Y,Y,,,5,0,0,5,2,0,0,1,43,,,,,,
369,,RPA Process A153,Default,GSC,Y,Y,Y,Y,Y,,,5,15,0,5,17,0,0,1,43,,,,,,
370,,RPA Process A153,Default,GSC,Y,Y,Y,Y,Y,,,5,30,0,5,32,0,0,1,43,,,,,,
371,,RPA Process A153,Default,GSC,Y,Y,Y,Y,Y,,,5,45,0,5,47,0,0,1,43,,,,,,
372,,RPA Process A153,Default,GSC,Y,Y,Y,Y,Y,,,6,0,0,6,2,0,0,1,43,,,,,,
373,,RPA Process A153,Default,GSC,Y,Y,Y,Y,Y,,,6,15,0,6,17,0,0,1,43,,,,,,
374,,RPA Process A153,Default,GSC,Y,Y,Y,Y,Y,,,6,30,0,6,32,0,0,1,43,,,,,,
375,,RPA Process A153,Default,GSC,Y,Y,Y,Y,Y,,,6,45,0,6,47,0,0,1,43,,,,,,
376,,RPA Process A153,Default,GSC,Y,Y,Y,Y,Y,,,7,0,0,7,2,0,0,1,43,,,,,,
377,,RPA Process A153,Default,GSC,Y,Y,Y,Y,Y,,,7,15,0,7,17,0,0,1,43,,,,,,
378,,RPA Process A153,Default,GSC,Y,Y,Y,Y,Y,,,7,30,0,7,32,0,0,1,43,,,,,,
379,,RPA Process A153,Default,GSC,Y,Y,Y,Y,Y,,,7,45,0,7,47,0,0,1,43,,,,,,
380,,RPA Process A153,Default,GSC,Y,Y,Y,Y,Y,,,8,0,0,8,2,0,0,1,43,,,,,,
381,,RPA Process A153,Default,GSC,Y,Y,Y,Y,Y,,,8,15,0,8,17,0,0,1,43,,,,,,
382,,RPA Process A153,Default,GSC,Y,Y,Y,Y,Y,,,8,30,0,8,32,0,0,1,43,,,,,,
383,,RPA Process A153,Default,GSC,Y,Y,Y,Y,Y,,,8,45,0,8,47,0,0,1,43,,,,,,
384,,RPA Process A153,Default,GSC,Y,Y,Y,Y,Y,,,9,0,0,9,2,0,0,1,43,,,,,,
385,,RPA Process A153,Default,GSC,Y,Y,Y,Y,Y,,,9,15,0,9,17,0,0,1,43,,,,,,
386,,RPA Process A153,Default,GSC,Y,Y,Y,Y,Y,,,9,30,0,9,32,0,0,1,43,,,,,,
387,,RPA Process A153,Default,GSC,Y,Y,Y,Y,Y,,,9,45,0,9,47,0,0,1,43,,,,,,
388,,RPA Process A153,Default,GSC,Y,Y,Y,Y,Y,,,10,0,0,10,2,0,0,1,43,,,,,,
389,,RPA Process A153,Default,GSC,Y,Y,Y,Y,Y,,,10,15,0,10,17,0,0,1,43,,,,,,
390,,RPA Process A153,Default,GSC,Y,Y,Y,Y,Y,,,10,30,0,10,32,0,0,1,43,,,,,,
391,,RPA Process A153,Default,GSC,Y,Y,Y,Y,Y,,,10,45,0,10,47,0,0,1,43,,,,,,
392,,RPA Process A153,Default,GSC,Y,Y,Y,Y,Y,,,11,0,0,11,2,0,0,1,43,,,,,,
393,,RPA Process A153,Default,GSC,Y,Y,Y,Y,Y,,,11,15,0,11,17,0,0,1,43,,,,,,
394,,RPA Process A153,Default,GSC,Y,Y,Y,Y,Y,,,11,30,0,11,32,0,0,1,43,,,,,,
395,,RPA Process A153,Default,GSC,Y,Y,Y,Y,Y,,,11,45,0,11,47,0,0,1,43,,,,,,
396,,RPA Process A153,Default,GSC,Y,Y,Y,Y,Y,,,12,0,0,12,2,0,0,1,43,,,,,,
397,,RPA Process A153,Default,GSC,Y,Y,Y,Y,Y,,,12,15,0,12,17,0,0,1,43,,,,,,
398,,RPA Process A153,Default,GSC,Y,Y,Y,Y,Y,,,12,30,0,12,32,0,0,1,43,,,,,,
399,,RPA Process A153,Default,GSC,Y,Y,Y,Y,Y,,,12,45,0,12,47,0,0,1,43,,,,,,
400,,RPA Process A153,Default,GSC,Y,Y,Y,Y,Y,,,13,0,0,13,2,0,0,1,43,,,,,,
401,,RPA Process A153,Default,GSC,Y,Y,Y,Y,Y,,,13,15,0,13,17,0,0,1,43,,,,,,
402,,RPA Process A153,Default,GSC,Y,Y,Y,Y,Y,,,13,30,0,13,32,0,0,1,43,,,,,,
403,,RPA Process A153,Default,GSC,Y,Y,Y,Y,Y,,,13,45,0,13,47,0,0,1,43,,,,,,
404,,RPA Process A153,Default,GSC,Y,Y,Y,Y,Y,,,14,0,0,14,2,0,0,1,43,,,,,,
405,,RPA Process A153,Default,GSC,Y,Y,Y,Y,Y,,,14,15,0,14,17,0,0,1,43,,,,,,
406,,RPA Process A153,Default,GSC,Y,Y,Y,Y,Y,,,14,30,0,14,32,0,0,1,43,,,,,,
407,,RPA Process A153,Default,GSC,Y,Y,Y,Y,Y,,,14,45,0,14,47,0,0,1,43,,,,,,
408,,RPA Process A153,Default,GSC,Y,Y,Y,Y,Y,,,15,0,0,15,2,0,0,1,43,,,,,,
409,,RPA Process A153,Default,GSC,Y,Y,Y,Y,Y,,,15,15,0,15,17,0,0,1,43,,,,,,
410,,RPA Process A153,Default,GSC,Y,Y,Y,Y,Y,,,15,30,0,15,32,0,0,1,43,,,,,,
411,,RPA Process A153,Default,GSC,Y,Y,Y,Y,Y,,,15,45,0,15,47,0,0,1,43,,,,,,
412,,RPA Process A153,Default,GSC,Y,Y,Y,Y,Y,,,16,0,0,16,2,0,0,1,43,,,,,,
413,,RPA Process A153,Default,GSC,Y,Y,Y,Y,Y,,,16,15,0,16,17,0,0,1,43,,,,,,
414,,RPA Process A153,Default,GSC,Y,Y,Y,Y,Y,,,16,30,0,16,32,0,0,1,43,,,,,,
415,,RPA Process A153,Default,GSC,Y,Y,Y,Y,Y,,,16,45,0,16,47,0,0,1,43,,,,,,
416,,RPA Process A153,Default,GSC,Y,Y,Y,Y,Y,,,17,0,0,17,2,0,0,1,43,,,,,,
417,,RPA Process A154,Default,GSC,Y,Y,Y,Y,Y,,,5,0,0,5,12,0,0,11,18,,,,,,
418,,RPA Process A154,Default,GSC,Y,Y,Y,Y,Y,,,5,15,0,5,27,0,0,11,18,,,,,,
419,,RPA Process A154,Default,GSC,Y,Y,Y,Y,Y,,,5,30,0,5,42,0,0,11,18,,,,,,
420,,RPA Process A154,Default,GSC,Y,Y,Y,Y,Y,,,5,45,0,5,57,0,0,11,18,,,,,,
421,,RPA Process A154,Default,GSC,Y,Y,Y,Y,Y,,,6,0,0,6,12,0,0,11,18,,,,,,
422,,RPA Process A154,Default,GSC,Y,Y,Y,Y,Y,,,6,15,0,6,27,0,0,11,18,,,,,,
423,,RPA Process A154,Default,GSC,Y,Y,Y,Y,Y,,,6,30,0,6,42,0,0,11,18,,,,,,
424,,RPA Process A154,Default,GSC,Y,Y,Y,Y,Y,,,6,45,0,6,57,0,0,11,18,,,,,,
425,,RPA Process A154,Default,GSC,Y,Y,Y,Y,Y,,,7,0,0,7,12,0,0,11,18,,,,,,
426,,RPA Process A154,Default,GSC,Y,Y,Y,Y,Y,,,7,15,0,7,27,0,0,11,18,,,,,,
427,,RPA Process A154,Default,GSC,Y,Y,Y,Y,Y,,,7,30,0,7,42,0,0,11,18,,,,,,
428,,RPA Process A154,Default,GSC,Y,Y,Y,Y,Y,,,7,45,0,7,57,0,0,11,18,,,,,,
429,,RPA Process A154,Default,GSC,Y,Y,Y,Y,Y,,,8,0,0,8,12,0,0,11,18,,,,,,
430,,RPA Process A154,Default,GSC,Y,Y,Y,Y,Y,,,8,15,0,8,27,0,0,11,18,,,,,,
431,,RPA Process A154,Default,GSC,Y,Y,Y,Y,Y,,,8,30,0,8,42,0,0,11,18,,,,,,
432,,RPA Process A154,Default,GSC,Y,Y,Y,Y,Y,,,8,45,0,8,57,0,0,11,18,,,,,,
433,,RPA Process A154,Default,GSC,Y,Y,Y,Y,Y,,,9,0,0,9,12,0,0,11,18,,,,,,
434,,RPA Process A154,Default,GSC,Y,Y,Y,Y,Y,,,9,15,0,9,27,0,0,11,18,,,,,,
435,,RPA Process A154,Default,GSC,Y,Y,Y,Y,Y,,,9,30,0,9,42,0,0,11,18,,,,,,
436,,RPA Process A154,Default,GSC,Y,Y,Y,Y,Y,,,9,45,0,9,57,0,0,11,18,,,,,,
437,,RPA Process A154,Default,GSC,Y,Y,Y,Y,Y,,,10,0,0,10,12,0,0,11,18,,,,,,
438,,RPA Process A154,Default,GSC,Y,Y,Y,Y,Y,,,10,15,0,10,27,0,0,11,18,,,,,,
439,,RPA Process A154,Default,GSC,Y,Y,Y,Y,Y,,,10,30,0,10,42,0,0,11,18,,,,,,
440,,RPA Process A154,Default,GSC,Y,Y,Y,Y,Y,,,10,45,0,10,57,0,0,11,18,,,,,,
441,,RPA Process A154,Default,GSC,Y,Y,Y,Y,Y,,,11,0,0,11,12,0,0,11,18,,,,,,
442,,RPA Process A154,Default,GSC,Y,Y,Y,Y,Y,,,11,15,0,11,27,0,0,11,18,,,,,,
443,,RPA Process A154,Default,GSC,Y,Y,Y,Y,Y,,,11,30,0,11,42,0,0,11,18,,,,,,
444,,RPA Process A154,Default,GSC,Y,Y,Y,Y,Y,,,11,45,0,11,57,0,0,11,18,,,,,,
445,,RPA Process A154,Default,GSC,Y,Y,Y,Y,Y,,,12,0,0,12,12,0,0,11,18,,,,,,
446,,RPA Process A154,Default,GSC,Y,Y,Y,Y,Y,,,12,15,0,12,27,0,0,11,18,,,,,,
447,,RPA Process A154,Default,GSC,Y,Y,Y,Y,Y,,,12,30,0,12,42,0,0,11,18,,,,,,
448,,RPA Process A154,Default,GSC,Y,Y,Y,Y,Y,,,12,45,0,12,57,0,0,11,18,,,,,,
449,,RPA Process A154,Default,GSC,Y,Y,Y,Y,Y,,,13,0,0,13,12,0,0,11,18,,,,,,
450,,RPA Process A154,Default,GSC,Y,Y,Y,Y,Y,,,13,15,0,13,27,0,0,11,18,,,,,,
451,,RPA Process A154,Default,GSC,Y,Y,Y,Y,Y,,,13,30,0,13,42,0,0,11,18,,,,,,
452,,RPA Process A154,Default,GSC,Y,Y,Y,Y,Y,,,13,45,0,13,57,0,0,11,18,,,,,,
453,,RPA Process A154,Default,GSC,Y,Y,Y,Y,Y,,,14,0,0,14,12,0,0,11,18,,,,,,
454,,RPA Process A154,Default,GSC,Y,Y,Y,Y,Y,,,14,15,0,14,27,0,0,11,18,,,,,,
455,,RPA Process A154,Default,GSC,Y,Y,Y,Y,Y,,,14,30,0,14,42,0,0,11,18,,,,,,
456,,RPA Process A154,Default,GSC,Y,Y,Y,Y,Y,,,14,45,0,14,57,0,0,11,18,,,,,,
457,,RPA Process A154,Default,GSC,Y,Y,Y,Y,Y,,,15,0,0,15,12,0,0,11,18,,,,,,
458,,RPA Process A154,Default,GSC,Y,Y,Y,Y,Y,,,15,15,0,15,27,0,0,11,18,,,,,,
459,,RPA Process A154,Default,GSC,Y,Y,Y,Y,Y,,,15,30,0,15,42,0,0,11,18,,,,,,
460,,RPA Process A154,Default,GSC,Y,Y,Y,Y,Y,,,15,45,0,15,57,0,0,11,18,,,,,,
461,,RPA Process A154,Default,GSC,Y,Y,Y,Y,Y,,,16,0,0,16,12,0,0,11,18,,,,,,
462,,RPA Process A154,Default,GSC,Y,Y,Y,Y,Y,,,16,15,0,16,27,0,0,11,18,,,,,,
463,,RPA Process A154,Default,GSC,Y,Y,Y,Y,Y,,,16,30,0,16,42,0,0,11,18,,,,,,
464,,RPA Process A154,Default,GSC,Y,Y,Y,Y,Y,,,16,45,0,16,57,0,0,11,18,,,,,,
465,,RPA Process A154,Default,GSC,Y,Y,Y,Y,Y,,,17,0,0,17,12,0,0,11,18,,,,,,
